day,fop,start,end,event,count
Thu Oct 8,Ring 1,08:30,09:00,Start of competition,
Thu Oct 8,Ring 1,09:00,09:15,Grupo B Femenino Barehand Estilos de imitación,6
Thu Oct 8,Ring 1,09:15,09:30,Grupo B Femenino Barehand Nanquan-type events (unified),3
Thu Oct 8,Ring 1,09:30,09:40,Grupo B Femenino Barehand Other Northern Style (unified),10
Thu Oct 8,Ring 1,09:40,09:55,Grupo B Femenino Barehand Shaolinquan Routines,16
Thu Oct 8,Ring 1,09:55,10:00,Grupo B Femenino Barehand Siu Nim Tao,1
Thu Oct 8,Ring 1,10:00,10:20,Grupo A Femenino Weapon Double-weapon routines,4
Thu Oct 8,Ring 1,10:20,10:30,Grupo A Femenino Weapon Flexible Soft-weapon routines,2
Thu Oct 8,Ring 1,10:30,10:35,Grupo A Femenino Weapon Luk Dim Boon Gun,1
Thu Oct 8,Ring 1,10:35,10:45,Grupo A Femenino Weapon Nandao(Southern Broadsword),2
Thu Oct 8,Ring 1,10:45,11:00,Grupo A Femenino Weapon Shanzi (Fan),3
Thu Oct 8,Ring 1,11:00,11:25,Grupo A Femenino Weapon Shaolin Short Weapon Routines (unified),5
Thu Oct 8,Ring 1,11:25,11:35,Grupo A Femenino Weapon Shaolin Staff,6
Thu Oct 8,Ring 1,11:35,11:50,Grupo A Femenino Weapon Single-weapon routines (unified),3
Thu Oct 8,Ring 1,11:50,11:53,Grupo B Masculino Cham Kiu,1
Thu Oct 8,Ring 1,11:55,12:10,Grupo A Masculino Weapon Double-weapon routines (unified),6
Thu Oct 8,Ring 1,12:10,12:15,Grupo A Masculino Weapon Jiujiebian (Nine Section Whip Chain),1
Thu Oct 8,Ring 1,12:15,12:25,Grupo A Masculino Weapon Nangun (Southern Staff/Cudgel),2
Thu Oct 8,Ring 1,12:25,12:30,Grupo A Masculino Weapon Shuangjiegun (Nunchucks),1
Thu Oct 8,Ring 1,12:30,12:45,Grupo A Masculino Weapon Single-long weapon routines (unified),10
Thu Oct 8,Ring 1,12:45,12:55,Grupo A Masculino Weapon Single-Short Weapon routines (unified),8
Thu Oct 8,Ring 1,12:55,13:05,Grupo B Masculino Barehand Nanquan-type events (unified),5
Thu Oct 8,Ring 1,13:05,13:25,Grupo B Masculino Barehand Other Northern Style (unified),13
Thu Oct 8,Ring 1,13:25,13:40,Grupo B Masculino Barehand Shaolinquan Routines (unified),11
Thu Oct 8,Ring 1,13:40,13:45,Grupo A Femenino Weapon Nangun,2
Thu Oct 8,Ring 1,14:10,14:15,Grupo B Femenino Weapon Flexible Soft-weapon routines (unified),4
Thu Oct 8,Ring 1,14:15,14:30,Grupo B Femenino Weapon Double-weapon routines (unified),11
Thu Oct 8,Ring 1,14:30,14:35,Grupo B Femenino Weapon Shanzi (Fan),3
Thu Oct 8,Ring 1,14:35,14:50,Grupo B Femenino Weapon Shaolin Weapon Routines Shaolin Dao,10
Thu Oct 8,Ring 1,14:50,15:05,Grupo B Femenino Weapon Single- Long weapon routines (unified),10
Thu Oct 8,Ring 1,15:05,15:20,Grupo B Femenino Weapon Single- Short weapon routines (unified),8
Thu Oct 8,Ring 1,15:20,15:25,Grupo B Femenino Weapon Single-weapon routines (Southern unified),2
Thu Oct 8,Ring 1,15:25,15:30,Grupo B Masculino Other Single Weapons,3
Thu Oct 8,Ring 1,15:30,15:35,Grupo B Masculino Single Weapon Dao,3
Thu Oct 8,Ring 1,15:35,15:40,Grupo B Masculino Weapon Double-weapon routines (unified),4
Thu Oct 8,Ring 1,15:40,15:50,Grupo B Masculino Weapon Jiujiebian (Nine Section Whip Chain),6
Thu Oct 8,Ring 1,15:50,16:00,Grupo B Masculino Weapon Long Weapon Routines (unified),5
Thu Oct 8,Ring 1,16:00,16:15,Grupo B Masculino Weapon Shaolin Long Weapon Routines (unified),9
Thu Oct 8,Ring 1,16:15,16:35,Grupo B Masculino Weapon Shaolin Short Weapon Routines (unified),12
Thu Oct 8,Ring 1,16:36,16:41,Grupo A Femenino Barehand Other Northern Style,4
Thu Oct 8,Ring 1,16:41,16:58,Grupo A Femenino Barehand Other Shaolin,10
Thu Oct 8,Ring 1,16:59,17:08,Grupo A Femenino Barehand Otros estilos sureños,5
Thu Oct 8,Ring 1,17:08,17:20,Grupo A Masculino Barehand Nanquan-type events (unified),7
Thu Oct 8,Ring 1,17:20,17:32,Grupo A Masculino Barehand Other Northern Style (unified),7
Thu Oct 8,Ring 1,17:45,17:59,Grupo A Masculino Barehand Shaolinquan Routines (unified),8
Thu Oct 8,Ring 2,08:30,09:00,Start of competition,
Thu Oct 8,Ring 2,09:00,09:10,Grupo C Femenino Barehand Nanquan-type events (unified),5
Thu Oct 8,Ring 2,09:10,09:25,Grupo C Femenino Barehand Other Northern Style (unified),9
Thu Oct 8,Ring 2,09:25,09:40,Grupo C Femenino Barehand Shaolinquan Routines (unified),10
Thu Oct 8,Ring 2,09:40,09:45,Grupo C Masculino Barehand Biu Ji,1
Thu Oct 8,Ring 2,09:45,09:55,Grupo C Masculino Barehand Nanquan-type events (unified),6
Thu Oct 8,Ring 2,09:55,10:00,Grupo C Masculino Barehand Other Northern Style (Unified),4
Thu Oct 8,Ring 2,10:00,10:15,Grupo C Masculino Barehand Other Northern Style Estilos de imitación (Unified),8
Thu Oct 8,Ring 2,10:15,10:25,Grupo C Masculino Barehand other types of traditional styles,5
Thu Oct 8,Ring 2,10:25,10:35,Grupo C Masculino Barehand Otros estilos sureños.,7
Thu Oct 8,Ring 2,10:35,10:55,Grupo C Masculino Barehand Shaolinquan Routines,13
Thu Oct 8,Ring 2,10:55,11:00,Grupo E Femenino Barehand Nanquan-type events (Unified),4
Thu Oct 8,Ring 2,11:00,11:10,Grupo E Femenino Barehand Other Northern Style (Unified),5
Thu Oct 8,Ring 2,11:10,11:15,Grupo E Femenino Barehand Other Shaolin Barehand,2
Thu Oct 8,Ring 2,11:15,11:20,Grupo E Masculino Barehand Biu Ji,3
Thu Oct 8,Ring 2,11:20,11:25,Grupo E Masculino Barehand Chum Kiu,2
Thu Oct 8,Ring 2,11:25,11:40,Grupo E Masculino Barehand Nanquan-type events (Unified),8
Thu Oct 8,Ring 2,11:40,11:50,Grupo E Masculino Barehand Other Shaolin Barehand,7
Thu Oct 8,Ring 2,11:50,12:00,Grupo E Masculino Barehand other types of traditional styles,6
Thu Oct 8,Ring 2,12:00,12:15,Grupo E Masculino Barehand Otros estilos sureños.,8
Thu Oct 8,Ring 2,12:15,12:25,Grupo E Masculino Barehand Shaolinquan Routines (Unified),6
Thu Oct 8,Ring 2,12:25,12:30,Grupo E Masculino Barehand Siu Nim Tao,4
Thu Oct 8,Ring 2,12:30,12:35,Grupo E Masculino Estilo Imitacion,3
Thu Oct 8,Ring 2,14:25,14:30,Grupo F Masculino Barehand Other Northern Style (Unified),3
Thu Oct 8,Ring 2,14:30,14:35,Grupo F Femenino Barehand Choy Lay Fut (Cailifo Quan),3
Thu Oct 8,Ring 2,14:40,14:43,Grupo F Femenino Barehand other types of traditional styles,1
Thu Oct 8,Ring 2,14:43,14:46,Grupo D Femenino Barehand Bagua Zhang,1
Thu Oct 8,Ring 2,14:46,14:49,Grupo D Femenino Barehand Chum Kiu,1
Thu Oct 8,Ring 2,14:54,15:03,Grupo D Femenino Barehand Nanquan-type events,5
Thu Oct 8,Ring 2,15:04,15:24,Grupo D Femenino Barehand Nanquan-type events (unified),12
Thu Oct 8,Ring 2,15:24,15:39,Grupo D Femenino Barehand Other Northern Style (Unified),9
Thu Oct 8,Ring 2,15:39,16:05,Grupo D Femenino Barehand Shaolinquan Routines,16
Thu Oct 8,Ring 2,16:05,16:08,Grupo D Femenino Barehand Siu Nim Tao,1
Thu Oct 8,Ring 2,16:08,16:11,Grupo D Masculino Barehand Bagua Zhang,1
Thu Oct 8,Ring 2,16:11,16:14,Grupo D Masculino Barehand Biu Ji,1
Thu Oct 8,Ring 2,16:14,16:26,Grupo D Masculino Barehand Choy Lay Fut (Cailifo Quan),7
Thu Oct 8,Ring 2,16:26,16:34,Grupo D Masculino Barehand Chum Kiu,4
Thu Oct 8,Ring 2,16:34,16:46,Grupo D Masculino Barehand Estilos de imitación,7
Thu Oct 8,Ring 2,16:46,16:57,Grupo D Masculino Barehand Hung Gar (Hongjia Quan),6
Thu Oct 8,Ring 2,16:57,17:09,Grupo D Masculino Barehand Other Northern Style (unified),7
Thu Oct 8,Ring 2,17:09,17:39,Grupo D Masculino Barehand Other Shaolin Barehand,19
Thu Oct 8,Ring 2,17:39,17:50,Grupo D Masculino Barehand other types of traditional styles,6
Thu Oct 8,Ring 2,17:50,18:02,Grupo D Masculino Barehand Otros estilos sureños.,7
Thu Oct 8,Ring 2,18:02,18:23,Grupo D Masculino Barehand Shaolinquan Routines (Unified),13
Thu Oct 8,Ring 2,18:23,18:29,Grupo D Masculino Barehand Siu Nim Tao,3
Thu Oct 8,Ring 2,18:30,18:35,Grupo D Femenino Barehand Estilos de imitación,4
Thu Oct 8,Ring 3,08:30,09:00,Start of competition,
Thu Oct 8,Ring 3,09:00,09:10,Grupo F Femenino Barehand Taijiquan Routines (Unified),5
Thu Oct 8,Ring 3,09:10,09:15,Grupo F Masculino Barehand 42 Taijiquan,2
Thu Oct 8,Ring 3,09:15,09:20,Grupo F Masculino Barehand Taijiquan Routines (Unified),3
Thu Oct 8,Ring 3,09:20,09:25,Grupo B Femenino Barehand Taijiquan Routines (unified),4
Thu Oct 8,Ring 3,09:25,09:30,Grupo B Masculino Barehand 24 Taijiquan,2
Thu Oct 8,Ring 3,09:30,09:45,Grupo C Femenino Barehand Taijiquan Routines (unified),10
Thu Oct 8,Ring 3,09:45,09:59,Grupo D Femenino Barehand Taijiquan Routines (unified),8
Thu Oct 8,Ring 3,09:59,10:05,Grupo D Masculino Barehand Taijiquan Routines (Unified),3
Thu Oct 8,Ring 3,10:05,10:11,Grupo B Masculino Weapon Single- Taijijian routines (unified),3
Thu Oct 8,Ring 3,10:11,10:14,Grupo B Masculino Weapon Single- Taijishan routines,1
Thu Oct 8,Ring 3,10:15,10:20,Grupo C Masculino Barehand Chen Taijiquan (unified),2
Thu Oct 8,Ring 3,10:20,10:30,Grupo B Femenino Weapon Single-weapon routines (Taijijian Taijidao unified),6
Thu Oct 8,Ring 3,10:30,10:35,Grupo B Femenino Weapon Single-weapon routines Taijishan,2
Thu Oct 8,Ring 3,14:15,14:20,Grupo A Masculino Weapon 42-posture Taijijian,1
Thu Oct 8,Ring 3,14:20,14:25,Grupo A Femenino Weapon Taijijian,2
Thu Oct 8,Ring 3,14:25,14:35,Grupo F Femenino Weapon Single- Taiji weapon routines (Unified),5
Thu Oct 8,Ring 3,14:35,14:40,Grupo F Masculino Weapon Taijijian,4
Thu Oct 8,Ring 3,14:40,14:45,Grupo F Masculino Weapon Single- Taiji weapon routines (Unified),3
Thu Oct 8,Ring 3,14:45,14:55,Grupo E Femenino Barehand 42 Taijiquan,6
Thu Oct 8,Ring 3,14:55,15:10,Grupo E Femenino Barehand Chen Taijiquan,8
Thu Oct 8,Ring 3,15:10,15:20,Grupo E Femenino Barehand Taijiquan Routines (Unified),6
Thu Oct 8,Ring 3,15:20,15:25,Grupo E Masculino Barehand 42 Taijiquan,4
Thu Oct 8,Ring 3,15:25,15:35,Grupo E Masculino Barehand Chen Taijiquan,5
Thu Oct 8,Ring 3,15:35,15:45,Grupo E Masculino Barehand Taijiquan Routines (Unified),5
Thu Oct 8,Ring 3,15:45,15:55,Grupo E Masculino Barehand Xingyi Quan,5
Fri Oct 9,Ring 1,07:30,08:00,Start of competition,
Fri Oct 9,Ring 1,08:00,08:10,Grupo F Femenino Weapon Single-weapon routines (unified),6
Fri Oct 9,Ring 1,08:10,08:15,Grupo F Masculino Weapon Single- Long weapon routines (Unified),4
Fri Oct 9,Ring 1,08:15,08:25,Grupo E Masculino Weapon Double-weapon routines (Unified),5
Fri Oct 9,Ring 1,08:25,08:30,Grupo E Masculino Weapon Jiujiebian (Nine Section Whip Chain),2
Fri Oct 9,Ring 1,08:30,08:35,Grupo E Masculino Weapon Nandao(Southern Broadsword),3
Fri Oct 9,Ring 1,08:35,08:45,Grupo E Masculino Weapon Other Shaolin Long Weapons,7
Fri Oct 9,Ring 1,08:45,08:55,Grupo E Masculino Weapon Other southern long weapon (Unified),7
Fri Oct 9,Ring 1,08:55,09:00,Grupo E Masculino Weapon Shaolin Staff,4
Fri Oct 9,Ring 1,09:00,09:10,Grupo E Masculino Weapon Shaolin Weapon Routines (unified),7
Fri Oct 9,Ring 1,09:10,09:20,Grupo E Masculino Weapon Single- Long weapon routines (Unified),5
Fri Oct 9,Ring 1,09:20,09:25,Grupo E Masculino Weapon Taijidao,4
Fri Oct 9,Ring 1,09:30,09:40,Grupo E Femenino Weapon Dao (Broadsword),5
Fri Oct 9,Ring 1,09:40,09:45,Grupo E Femenino Weapon Double-weapon routines (Unified),3
Fri Oct 9,Ring 1,09:45,09:50,Grupo E Femenino Weapon Jian (Straight Sword),3
Fri Oct 9,Ring 1,09:55,10:00,Grupo E Femenino Weapon Shaolin Weapon Routines (Unified),2
Fri Oct 9,Ring 1,10:20,10:30,Grupo D Masculino Weapon Single-Taiji weapon routines (unified),7
Fri Oct 9,Ring 1,10:35,10:40,Grupo D Femenino Weapon 42-posture Taijijian,2
Fri Oct 9,Ring 1,10:40,10:50,Grupo D Femenino Weapon Taijijian,5
Fri Oct 9,Ring 1,10:50,11:00,Grupo C Femenino Weapon Double-weapon routines (unified),6
Fri Oct 9,Ring 1,11:00,11:05,Grupo C Femenino Weapon Flexible Soft-weapon routines (unified),3
Fri Oct 9,Ring 1,11:05,11:15,Grupo C Femenino Weapon Jian (Straight Sword),5
Fri Oct 9,Ring 1,11:15,11:20,Grupo C Femenino Weapon Nangun (Southern Staff/Cudgel),2
Fri Oct 9,Ring 1,11:20,11:30,Grupo C Femenino Weapon Shaolin Short Weapon Routines,7
Fri Oct 9,Ring 1,11:30,11:35,Grupo C Femenino Weapon Single- Long weapon routines (Unified),4
Fri Oct 9,Ring 1,11:35,11:45,Grupo C Femenino Weapon Single-weapon routines (Unified),6
Fri Oct 9,Ring 1,11:45,11:55,Grupo C Masculino Weapon Double-weapon routines (unified),6
Fri Oct 9,Ring 1,11:55,12:00,Grupo C Masculino Weapon Flexible Soft-weapon routines (unified),3
Fri Oct 9,Ring 1,12:00,12:10,Grupo C Masculino Weapon Jiujiebian (Nine Section Whip Chain) Unified,7
Fri Oct 9,Ring 1,12:10,12:15,Grupo C Masculino Weapon Nandao(Southern Broadsword),3
Fri Oct 9,Ring 1,12:15,12:20,Grupo C Masculino Weapon Nangun (Southern Staff/Cudgel),3
Fri Oct 9,Ring 1,12:20,12:35,Grupo C Masculino Weapon Shaolin Long Weapons (Unified),10
Fri Oct 9,Ring 1,12:35,12:50,Grupo C Masculino Weapon Shaolin Short Weapons,8
Fri Oct 9,Ring 1,12:50,13:00,Grupo C Masculino Weapon Single- Long weapon routines,6
Fri Oct 9,Ring 1,13:00,13:15,Grupo C Masculino Weapon Single- Short weapon routines,9
Fri Oct 9,Ring 1,13:15,13:20,Grupo C Masculino Weapon Single-weapon routines (Unified),4
Fri Oct 9,Ring 1,13:30,14:00,Break,
Fri Oct 9,Ring 1,14:00,14:10,Taolu Junior A Girls Qiangshu,6
Fri Oct 9,Ring 1,14:10,14:25,Taolu Junior A Boys Qiangshu,8
Fri Oct 9,Ring 1,14:25,14:45,Taolu Junior A Girls Gunshu,13
Fri Oct 9,Ring 1,14:45,15:10,Taolu Junior A Boys Gunshu,16
Fri Oct 9,Ring 1,15:10,15:20,Taolu Junior A Girls Nangun,6
Fri Oct 9,Ring 1,15:20,15:40,Taolu Junior A Boys Nangun,14
Fri Oct 9,Ring 1,15:40,15:55,Taolu Junior A Girls Jianshu,11
Fri Oct 9,Ring 1,15:55,16:05,Taolu Junior A Boys Jianshu,7
Fri Oct 9,Ring 1,19:00,20:00,Break,
Fri Oct 9,Ring 1,20:00,20:15,Taolu Junior A Girls Daoshu,10
Fri Oct 9,Ring 1,20:15,20:40,Taolu Junior A Boys Daoshu,17
Fri Oct 9,Ring 1,20:40,20:50,Taolu Junior A Girls Nandao,6
Fri Oct 9,Ring 1,20:50,21:10,Taolu Junior A Boys Nandao,14
Fri Oct 9,Ring 2,07:30,08:00,Start of competition,
Fri Oct 9,Ring 2,08:00,08:15,Grupo D Femenino Weapon Dao (Broadsword),8
Fri Oct 9,Ring 2,08:15,08:30,Grupo D Femenino Weapon Double-weapon routines (Unified),11
Fri Oct 9,Ring 2,08:30,08:40,Grupo D Femenino Weapon Flexible Soft-weapon routines (Unified),5
Fri Oct 9,Ring 2,08:40,08:45,Grupo D Femenino Weapon Jian (Straight Sword),4
Fri Oct 9,Ring 2,08:45,08:50,Grupo D Femenino Weapon Shanzi (Fan),4
Fri Oct 9,Ring 2,08:50,08:55,Grupo D Femenino Weapon Shaolin Jian,4
Fri Oct 9,Ring 2,08:55,09:00,Grupo D Femenino Weapon Shaolin Long Weapon Routines,4
Fri Oct 9,Ring 2,09:00,09:10,Grupo D Femenino Weapon Shaolin Short Weapons (Unified),6
Fri Oct 9,Ring 2,09:10,09:15,Grupo D Femenino Weapon Single- Southern weapon routines (Unified),4
Fri Oct 9,Ring 2,09:15,09:20,Grupo D Femenino Weapon Single-weapon routines,3
Fri Oct 9,Ring 2,09:20,09:35,Grupo D Masculino Weapon Dao (Broadsword),10
Fri Oct 9,Ring 2,09:35,09:45,Grupo D Masculino Weapon Flexible Soft-weapon routines (Unified),7
Fri Oct 9,Ring 2,09:45,09:55,Grupo D Masculino Weapon Gun (Cudgel/Staff),6
Fri Oct 9,Ring 2,09:55,10:05,Grupo D Masculino Weapon Jian (Straight Sword),5
Fri Oct 9,Ring 2,10:10,10:15,Grupo D Masculino Weapon Muk Yan Jong,2
Fri Oct 9,Ring 2,10:15,10:25,Grupo D Masculino Weapon Other double weapon,5
Fri Oct 9,Ring 2,10:25,10:35,Grupo D Masculino Weapon Qiang (Spear),5
Fri Oct 9,Ring 2,10:35,10:50,Grupo D Masculino Weapon Shaolin Dao,9
Fri Oct 9,Ring 2,10:50,11:00,Grupo D Masculino Weapon Shaolin Short Weapons (Unified),6
Fri Oct 9,Ring 2,11:00,11:15,Grupo D Masculino Weapon Shaolin Staff,8
Fri Oct 9,Ring 2,11:15,11:25,Grupo D Masculino Weapon Shuangbishou (Doublé Daggers),5
Fri Oct 9,Ring 2,11:25,11:35,Grupo D Masculino Weapon Shuangdao (Double Broadsword),6
Fri Oct 9,Ring 2,11:35,11:45,Grupo D Masculino Weapon Single- Long weapon routines (Unified),5
Fri Oct 9,Ring 2,11:45,11:50,Grupo D Masculino Weapon Single-Southern weapon routines (Unified),4
Fri Oct 9,Ring 2,11:50,12:00,Grupo D Masculino Weapon Single-weapon routines (Unified),6
Fri Oct 9,Ring 2,13:30,14:00,Break,
Fri Oct 9,Ring 2,14:00,14:10,Taolu Junior B Girls Taijiquan,7
Fri Oct 9,Ring 2,14:10,14:15,Taolu Junior B Boys Taijiquan,2
Fri Oct 9,Ring 2,14:15,14:45,Taolu Junior B Girls Daoshu,20
Fri Oct 9,Ring 2,14:45,14:55,Taolu Junior B Boys Daoshu,7
Fri Oct 9,Ring 2,14:55,15:05,Taolu Junior A Girls Taijijian,7
Fri Oct 9,Ring 2,15:05,15:10,Taolu Junior A Boys Taijijian,2
Fri Oct 9,Ring 2,15:10,15:30,Taolu Junior B Girls Jianshu,13
Fri Oct 9,Ring 2,15:30,15:50,Taolu Junior B Boys Jianshu,12
Fri Oct 9,Ring 2,19:00,20:00,Break,
Fri Oct 9,Ring 2,20:00,20:10,Taolu Junior B Girls Nandao,6
Fri Oct 9,Ring 2,20:10,20:30,Taolu Junior B Boys Nandao,14
Fri Oct 9,Ring 2,20:30,21:00,Taolu Junior B Girls Gunshu,18
Fri Oct 9,Ring 2,21:00,21:15,Taolu Junior B Boys Gunshu,8
Fri Oct 9,Ring 3,07:30,08:00,Start of competition,
Fri Oct 9,Ring 3,08:00,08:15,Grupo C Femenino Weapon Single- Taijijian weapon routines (Unified),8
Fri Oct 9,Ring 3,08:15,08:25,Grupo C Femenino Weapon Taijishan,6
Fri Oct 9,Ring 3,08:25,08:30,Grupo C Masculino Weapon 42-posture Taijijian,2
Fri Oct 9,Ring 3,08:30,08:35,Grupo E Femenino Weapon 42-posture Taijijian,3
Fri Oct 9,Ring 3,08:35,08:50,Grupo E Femenino Weapon Single- Taiji weapon routines,10
Fri Oct 9,Ring 3,08:50,09:05,Grupo E Femenino Weapon Taijishan,8
Fri Oct 9,Ring 3,09:05,09:10,Grupo E Masculino Weapon 42-posture Taijijian,4
Fri Oct 9,Ring 3,09:10,09:25,Grupo E Masculino Weapon Taijijian,10
Fri Oct 9,Ring 3,13:30,14:00,Break,
Fri Oct 9,Ring 3,14:00,14:10,Taolu Junior C Boys Nanquan,7
Fri Oct 9,Ring 3,14:10,14:20,Taolu Junior C Girls Nanquan,7
Fri Oct 9,Ring 3,14:20,14:50,Taolu Junior C Boys Gunshu,18
Fri Oct 9,Ring 3,14:50,15:10,Taolu Junior C Girls Gunshu,13
Fri Oct 9,Ring 3,15:10,15:15,Taolu Junior C Boys Qiangshu,4
Fri Oct 9,Ring 3,15:15,15:25,Taolu Junior C Girls Qiangshu,7
Fri Oct 9,Ring 3,15:25,15:35,Taolu Junior C Boys Nangun,6
Fri Oct 9,Ring 3,15:35,15:45,Taolu Junior C Girls Nangun,6
Fri Oct 9,Ring 3,15:45,16:25,Taolu Junior C Boys Changquan,25
Fri Oct 9,Ring 3,16:25,16:55,Taolu Junior C Girls Changquan,20
Fri Oct 9,Ring 3,19:00,20:00,Break,
